{
  "project_info": {
    "project_number": "849365488088",
    "firebase_url": "https://multipollusers.firebaseio.com",
    "project_id": "multipollusers",
    "storage_bucket": "multipollusers.appspot.com"
  },
  "client": [
    {
      "client_info": {
        "mobilesdk_app_id": "1:849365488088:android:139b6998991bb38a9d62ad",
        "android_client_info": {
          "package_name": "edu.wwu.csci412.multipoll"
        }
      },
      "oauth_client": [
        {
          "client_id": "849365488088-ifdv93qgbvu35ut28essf0hr56tv5ru1.apps.googleusercontent.com",
          "client_type": 1,
          "android_info": {
            "package_name": "edu.wwu.csci412.multipoll",
            "certificate_hash": "2f2ac5cdc1422c4b8f29d4c173b97c582d27d08d"
          }
        },
        {
          "client_id": "849365488088-dfn7dbqg9b7oa2uoq8ciu7dpcgtdoscr.apps.googleusercontent.com",
          "client_type": 3
        }
      ],
      "api_key": [
        {
          "current_key": "AIzaSyBH3-NJhe8wHrcTS9jCO7th2wxL_IanbFA"
        }
      ],
      "services": {
        "appinvite_service": {
          "other_platform_oauth_client": [
            {
              "client_id": "849365488088-dfn7dbqg9b7oa2uoq8ciu7dpcgtdoscr.apps.googleusercontent.com",
              "client_type": 3
            }
          ]
        }
      }
    }
  ],
  "configuration_version": "1"
}